John,Doe,john.doe@example.com
Jane,Smith,jane.smithwebsite
Emily,Jones,emily.jones@example.com
Michael,Brown,michael.brown@company
Sarah,White,sarah.white@example
David,Taylor,david.taylor@domain
